bigram,count
배우들의 연기가,1362
배우들 연기가,885
왕과 사는,540
재밌게 봤습니다,530
배우들 연기,508
사는 남자,481
연기가 좋았어요,419
재미있게 봤습니다,412
재밌게 봤어요,401
유해진 배우님,371
박지훈 배우의,327
유해진 배우의,326
박지훈 배우,292
연기가 좋았습니다,291
배우들의 연기,288
유해진 박지훈,281
재미있게 봤어요,279
유해진 연기,257
배우들 연기도,237
유해진 배우,236
박지훈 연기,225
박지훈 배우님,222
여운이 남는,199
배우의 연기가,198
장항준 감독님,198
보기 좋은,196
결말을 알고,196
배우분들 연기가,195
웃다가 울다가,190
배우들의 연기에,186
배우 연기가,185
연기를 잘해서,171
연기가 좋았고,169
여운이 많이,167
웃고 울고,165
박지훈 유해진,162
배우 연기,160
역사적 사실을,159
배우들의 연기력이,159
배우들의 연기와,158
다시 한번,155
연기가 좋아서,154
단종에 대해,152
유해진 배우님의,150
배우들의 연기도,150
시간가는줄 모르고,147
시간 가는줄,142
배우분들 연기,141
몰입해서 봤어요,138
모든 배우들의,138
유해진 연기가,137
배우님들 연기,135
재미있게 보았습니다,132
오랜만에 좋은,131
역사에 대해,129
연기 좋았어요,128
배우들이 연기를,125
시간 가는,124
연기가 좋아요,119
역사를 다시,119
가족과 함께,118
몰입해서 봤습니다,114
연기도 좋았고,112
배우들 연기에,110
오랜만에 극장에서,109
유해진의 연기가,109
역시 유해진,107
가는줄 모르고,106
배우들의 연기는,106
배우분들의 연기가,106
연기 최고,105
배우님 연기,105
나도 모르게,104
유해진 유지태,102
연기도 좋고,101
알고 봐도,99
어린 나이에,98
연기 차력쇼,97
재밌게 잘봤습니다,97
단종의 이야기를,96
재미와 감동,94
배우님들 연기가,93
가는 모르고,92
배우들의 연기로,92
유해진님 연기,91
연기 좋았습니다,90
좋은 영화를,90
오랜만에 영화관에서,88
처음부터 끝까지,88
가족들과 함께,88
배우들 연기는,87
박지훈 연기가,86
유해진의 연기는,85
박지훈 배우님의,84
어린 단종의,84
역사를 알고,83
연기를 잘하셔서,83
감동도 있고,82
장항준 감독,82
모르고 봤어요,81
믿고보는 유해진,80
단종 안아,79
장항준 감독의,78
영화다운 영화를,77
웃다 울다,77
눈물이 주르륵,77
역사가 스포라,77
박지훈 유지태,77
함께 보기,76
가슴 아픈,76
오랜만에 영화다운,75
좋은 영화였습니다,75
슬픈 역사,75
단종에 대한,74
많이 남는,74
박수를 보냅니다,74
부모님 모시고,74
역사적 사실에,74
연기 잘하고,73
좋은 영화입니다,73
특히 유해진,73
연기가 좋았다,72
유해진 연기는,72
눈물 줄줄,71
몰입감 최고,71
아깝지 않은,70
여운이 오래,70
간만에 좋은,70
이미 알고,69
모르게 눈물이,69
재밌고 슬프고,69
여운이 길게,68
몰입감 있게,68
눈물 펑펑,67
특히 박지훈,67
유해진 배우가,67
유해진의 연기,66
있어서 좋았습니다,66
배우들의 연기력,65
재미있게 잘봤습니다,65
대해 다시,65
재미도 있고,65
박지훈 배우가,64
눈물이 줄줄,64
영화를 봤네요,64
역시 믿고보는,64
배우들 연기력이,63
단종의 눈빛이,63
눈물 콧물,63
유해진과 박지훈의,62
봐도 눈물이,62
단종과 엄흥도의,62
연기 잘해요,61
배우들의 열연이,61
영화를 통해,61
오랜만에 재밌게,61
재미와 감동이,60
역사가 스포지만,60
연기 덕분에,60
눈물이 나네요,60
배우님 연기가,59
연기 좋았고,59
많이 울었어요,59
재밌게 잘봤어요,59
울고 웃고,59
단종의 슬픈,58
박지훈의 연기가,58
연기 좋아요,58
단종의 삶이,58
남자 왕과,57
연기 스토리,57
역시 믿고,57
배우분들이 연기를,56
슬픈 역사를,56
유해진 배우는,56
박지훈 눈빛이,56
믿고 유해진,56
연기가 좋네요,56
연기가 돋보이는,56
눈물이 났어요,56
박지훈 눈빛,55
다들 연기를,55
여운이 남네요,55
남는 영화입니다,55
연기 잘하네요,54
재미 감동,54
울면서 봤어요,54
한명회 이놈,54
연기 모두,54
다들 연기,54
연기도 잘하고,54
모르고 봤습니다,53
오랜만에 재밌는,53
재밌게 보았습니다,53
알고 있었지만,52
마지막에 눈물이,52
연기가 미쳤어요,52
눈물이 멈추지,52
아는 내용이지만,52
배우들의 연기력에,52
만들어주셔서 감사합니다,51
연기가 아주,51
믿고보는 배우,51
말할 것도,51
배우 유해진,51
유해진 배우와,50
지루하지 않고,50
배우의 연기,50
눈빛 연기,50
연기 잘함,50
감동 모두,49
영화를 봤습니다,49
연기 연출,49
배우님들의 연기가,49
배우의 연기는,49
올해 최고의,48
감동을 주는,48
마음이 아팠어요,48
배우의 연기에,48
배우분들 연기도,48
슬퍼서 눈물이,48
단종의 마지막,47
호랑이 cg가,47
눈만 봐도,47
영화를 보면서,47
어린 단종이,47
장항준 감독이,47
연기를 잘해요,46
연기가 매우,46
펑펑 울었어요,46
펑펑 울었네요,46
웃음과 감동이,46
유해진 배우님이,46
보기 좋아요,46
유지태 전미도,46
알고 있지만,46
단종에 대해서,46
남는 영화였습니다,46
모든 배우님들,46
많이 울었네요,46
것도 없고,46
좋은 영화였어요,46
n차 관람,45
재미와 감동을,45
박지훈님 연기,45
배우 연기는,45
눈빛 연기가,45
연기가 영화를,44
있어서 좋았어요,44
이런 영화가,44
감동과 재미,43
모든 배우들,43
단종의 삶을,43
재미나게 봤어요,43
유해진님 연기는,43
장항준 감독님의,43
좋은 봤습니다,43
가족들과 보기,42
연기도 좋았어요,42
모두 좋았습니다,42
좋은 작품,42
연기에 박수를,42
부모님과 함께,42
재미있게 관람했습니다,42
봤어요 배우들,42
연기가 몰입감을,41
눈물이 나는,41
연기 좋고,41
연기가 좋았음,41
마지막 장면이,41
결말을 알면서도,41
모르고 봤네요,41
믿고 배우,41
주연 조연,41
배우들 연기력,40
사실을 바탕으로,40
마음이 아팠습니다,40
기대 안하고,40
연기도 좋았습니다,40
연기 잘하는,40
홍위 안아,40
호랑이 cg,39
여운이 깊게,39
재밌게 관람했습니다,39
실화를 바탕으로,39
단종의 이야기,39
유해진 배우님은,39
좋은 감사합니다,39
연기 잘해서,39
박지훈이 연기를,39
많은 사람들이,39
결말을 알아서,39
연기 최고입니다,39
연기에 몰입해서,38
모든 배우들이,38
봤습니다 감사합니다,38
배우 연기도,38
박지훈의 눈빛,38
마지막에 눈물,38
역사를 바탕으로,38
유해진님의 연기가,38
영화를 봤어요,38
유해진님 연기가,37
박지훈과 유해진의,37
아픈 역사,37
호랑이 cg는,37
단종의 역사를,37
연기가 좋고,37
배우님의 연기가,37
연기력 최고,37
단종 박지훈,37
연기 대박,37
눈물이 많이,37
연기가 좋습니다,36
많이 남네요,36
감동적인 영화입니다,36
즐겁게 봤습니다,36
알고 봤지만,36
보기 좋았어요,36
배우들의 연기력으로,36
배우님들 연기도,36
배우들 연기와,36
연출 모두,35
마지막 장면,35
오랜만에 재미있게,35
오랜만에 영화관,35
연기가 미쳤습니다,35
마음을 울리는,35
돈이 아깝지,35
잼나게 봤어요,35
가족끼리 보기,35
시간가는 모르고,35
있고 감동도,35
유해진과 박지훈,35
유해진 연기에,35
눈물이 계속,35
휴지 챙겨가세요,34
웃음과 감동,34
재미있게 봤네요,34
말할것도 없고,34
아이와 함께,34
유해진님 연기에,34
웃고 울며,34
연기 미쳤어요,34
연기 잘하시고,34
울면서 봤네요,34
다시 보게,34
오랜만에 몰입해서,34
배우들의 연기력과,34
마음이 아프네요,34
좋아요 좋아요,34
천만 가즈아,33
배우의 연기력이,33
유해진 전미도,33
박지훈의 눈빛이,33
울다가 웃다가,33
봤습니다 배우들,33
많이 웃고,33
연기가 일품입니다,32
단종과 엄흥도,32
배우의 눈빛이,32
너무나 재미있게,32
배우분들 연기력이,32
단종과 엄홍도의,32
마지막 장면에서,32
배우님 연기는,32
배우 연기에,32
영화보는 내내,32
결말을 알기에,32
감동적인 영화였어요,32
좋았어요 특히,32
감독의 연출이,32
엄청 울었어요,32
아이들과 함께,32
슬픈 이야기,32
스토리 모두,32
아는 역사지만,32
재밌게 봤네요,31
펑펑 울고,31
아픈 역사를,31
마지막엔 눈물이,31
역사에 관심이,31
단종 자체,31
역사적 사실과,31
오랜만에 감동적인,31
연기가 인상,31
그럼에도 불구하고,31
감동적인 영화였습니다,31
여운이 남아,31
얼굴만 봐도,31
사실을 기반으로,31
단종의 마지막을,31
간만에 영화다운,31
기대를 많이,31
눈물 흘리며,31
연기가 최고,31
연기는 말할것도,31
결말을 알지만,30
최고의 영화입니다,30
천만 가자,30
좋았어요 좋았어요,30
잼있게 봤어요,30
감동적인 영화를,30
연기를 잘하네요,30
눈물이 멈추질,30
마지막 장면은,30
다시 싶은,30
다시 봐도,30
많이 울었습니다,30
알고 있었는데,30
알고 있던,30
몰입해서 봤네요,30
스토리와 배우들의,30
있어서 좋았고,30
재미 있게,30
눈물이 주루룩,30
오랜만에 영화를,30
감동 재미,29
감동과 재미가,29
최고 최고,29
펑펑 울면서,29
봤어요 유해진,29
재미있게 잘봤어요,29
이렇게 연기를,29
어린 왕의,29
박지훈 배우는,29
웃음 감동,29
박지훈 배우와,29
남는 영화였어요,29
울다 웃다,29
눈빛만 봐도,29
눈물이 납니다,29
연기 잘하셔서,29
연기를 잘함,29
배우님들의 연기,29
배우들 모두,29
알고 보는데도,29
역사 이야기,29
연기자들의 연기가,29
배우와 박지훈,29
너무너무 재밌게,29
있게 봤습니다,29
모든 배우분들,29
간만에 재밌게,28
연기 때문에,28
유지태 배우,28
감명깊게 봤습니다,28
결과를 알고,28
오랫만에 좋은,28
유지태 배우의,28
슬픈 역사의,28
후반부로 갈수록,28
박지훈 전미도,28
연기가 좋아,28
저도 모르게,27
천만 관객,27
예나 지금이나,27
연기에 눈물이,27
연기는 역시,27
배우들의 뛰어난,27
역사를 알게,27
아직도 여운이,27
유해진이 유해진했다,27
배우의 눈빛,27
단종 이홍위,27
영화가 끝나고,27
길게 남는,27
오랜만에 볼만한,27
후반으로 갈수록,27
펑펑 울었습니다,27
중간 중간,27
생각을 하게,27
주셔서 감사합니다,27
마음 아픈,27
엄마랑 같이,27
알게 되어,27
이미 아는,27
아주 좋았습니다,27
배우님들의 연기에,26
연기 또한,26
눈물이 났다,26
눈물이 나서,26
연기 다들,26
영화를 봐서,26
기대 이상으로,26
유지태 배우님,26
다들 보세요,26
눈빛이 계속,26
박지훈 얼굴이,26
박지훈 배우도,26
배우들의 훌륭한,26
여운이 남아요,26
유해진 연기력,26
눈물 광광,26
박지훈 단종,26
세조 한명회,26
슬프고 여운이,26
스토리도 좋고,26
특히 유해진님,26
모두 좋았어요,26
